Title,Retail DVD Price,NEW DVD PRICE,Retail DVD UPC,Blu-ray Price,NEW BLU RAY PRICE,Blu-ray UPC
Boiling Point,$19.95,34.95,857692005871,$24.95,39.95,857692005888
Dunkirk,$19.95,34.95,850021115173,$24.95,39.95,850021115180
Ice Cold in Alex,$19.95,34.95,850021115258,$24.95,39.95,850021115241
The Dam Busters,$19.95,34.95,850003924809,$24.95,39.95,850021115265
The Belles of St. Trinian's,n/a,,n/a,$24.95,39.95,850021115128
All About Lily Chou-Chou,$19.95,34.95,859686006918,$29.95,39.95,859686006925
Antonia's Line,$19.95,34.95,857692005802,$29.95,39.95,857692005819
Bent,$19.95,34.95,859686006994,$29.95,39.95,859686006987
Caro diario,$19.95,34.95,850003924892,$29.95,39.95,850003924908
Edward II,$19.95,34.95,859686006635,$29.95,39.95,859686006642
Farinelli,$19.95,34.95,850003924120,$29.95,39.95,850003924137
Francesco,$19.95,34.95,857692005338,$29.95,39.95,857692005345
"Frantz Fanon: Black Skin, White Mask",$19.95,34.95,850003924014,$29.95,39.95,850003924021
Full Moon in Paris,$19.95,34.95,857692005352,$29.95,39.95,857692005369
Gregory's Girl,$19.95,34.95,850003924694,$29.95,39.95,850003924410
Hana-bi (Fireworks),$19.95,34.95,859686006277,$29.95,39.95,859686006284
Heroes Shed No Tears,$19.95,34.95,850003924236,$29.95,39.95,850003924243
I Am A Dancer,$19.95,34.95,850003924946,$29.95,39.95,850003924588
Kamikaze 89,$19.95,34.95,857692005918,$29.95,39.95,857692005925
L'Important C'est d'Aimer,$19.95,34.95,850003924786,$29.95,39.95,850003924601
L'innocente,$19.95,34.95,850003924847,$29.95,39.95,850003924458
Marquise,$19.95,34.95,850003924045,$29.95,39.95,850003924052
Midaq Alley,$19.95,34.95,859686006772,$29.95,39.95,859686006789
Mr. Topaze,$19.95,34.95,850003924960,$29.95,39.95,850003924687
Passport to Pimlico,$19.95,34.95,850003924724,$29.95,39.95,850003924489
Pelle the Conqueror,$19.95,34.95,859686006147,$29.95,39.95,859686006154
Scarlet Diva,$19.95,34.95,859686006680,$29.95,39.95,859686006697
Shanghai Triad,$19.95,34.95,850003924878,$29.95,39.95,850003924571
The Best Intentions,$19.95,34.95,857692005246,$29.95,39.95,857692005826
The Killing Floor,$19.95,34.95,850003924953,$29.95,39.95,850003924625
The Mad Adventures of 'Rabbi' Jacob,$19.95,34.95,850003924106,$29.95,39.95,850003924113
The Marquise of O...,$19.95,34.95,857692005376,$29.95,39.95,857692005383
The Pillow Book,$19.95,34.95,857692005260,$29.95,39.95,857692005253
The Quiet Earth,$19.95,34.95,857692005932,$29.95,39.95,857692005949
The Tall Blond Man With One Black Shoe,$19.95,34.95,857692005277,$29.95,39.95,857692005284
The Titfield Thunderbolt,$19.95,34.95,850003924717,$29.95,39.95,850003924496
Time to Die,$19.95,34.95,859686006253,$29.95,39.95,859686006260
"Ugly, Dirty and Bad",$19.95,34.95,857692005567,$29.95,39.95,857692005833
Violent Cop,$19.95,34.95,857692005895,$29.95,39.95,857692005901
After The Storm,$24.95,34.95,859686006185,$29.95,39.95,859686006192
Amour Fou,$24.95,34.95,857692005185,$29.95,39.95,857692005390
Einstein's Universe,$24.95,34.95,896137001009,$29.95,39.95,896137001320
Forgetting the Girl,$24.95,34.95,616892186762,$29.95,39.95,616892186717
Moebius,$24.95,29.95,616892188667,$29.95,39.95,857692005109
Oh Lucy!,$24.95,29.95,859686006543,$29.95,39.95,859686006727
Afterimage,n/a,29.95,n/a,$29.95,39.95,859686006215
Corpus Christi,$24.95,29.95,850003924670,$34.95,39.95,850003924823
Outrage Coda,$24.95,29.95,859686006802,$34.95,39.95,859686006819
Theeb,$24.95,29.95,857692005444,$34.95,39.95,857692005796
Theory of Obscurity: A Film About the Residents,$24.95,29.95,857692005574,$34.95,39.95,857692005581
The Third Murder,$24.95,29.95,859686006765,$34.95,39.95,859686006932
The Wild Goose Lake,$24.95,29.95,850003924649,$34.95,39.95,850003924830
Wheel of Fortune and Fantasy,$24.95,29.95,850021115432,$34.95,39.95,850021115579
"All the Sins of Sodom, Vibrations Double Feature",$29.95,34.95,612385210594,$39.95,44.95,612385210495
Center Stage,$29.95,34.95,850021115296,$39.95,$39.95,850021115289
César et Rosalie,$29.95,34.95,,$39.95,$39.95,
Deep Blues,$29.95,34.95,850021115548,$39.95,$39.95,850021115562
Dona Flor and Her Two Husbands,$29.95,34.95,850021115517,$39.95,$39.95,850003924656
Les Choses de la Vie,$29.95,34.95,,$39.95,$39.95,
Once Were Warriors,$29.95,34.95,857692005857,$39.95,$39.95,857692005864
Pushing Hands,$29.95,34.95,850021115630,$39.95,$39.95,850021115623
Raining in the Mountain,$29.95,34.95,850003924977,$39.95,$39.95,850003924663
Serie Noire,$29.95,34.95,850003924731,$39.95,$39.95,850003924557
The Fate of Lee Khan,$29.95,34.95,850003924212,$39.95,$39.95,850003924229
The Great Silence,$29.95,34.95,859686006604,$39.95,$39.95,859686006611
The Reflecting Skin,$29.95,34.95,850003924281,$39.95,$39.95,850003924274
"Vampire Ecstasy, Sin You Sinners Double Feature",$29.95,34.95,612385210099,$39.95,44.95,612385210198
Vive L'Amour,$29.95,34.95,850021115685,$39.95,$39.95,850021115678
"Confessions of a Young American Housewife, Sin in the Suburbs Double Feature",n/a,,n/a,$39.95,44.95,612385210693
"Two Films by Claude Sautet, featuring Romy Schneider",$34.95,39.95,850003924779,$44.95,49.95,850003924595
Whisky Galore! & The Maggie: Two Films by Alexander Mackendrick,$34.95,39.95,850003924700,$44.95,49.95,850003924519
Elena Ferrante on Film,$34.95,39.95,859686006864,$49.95,54.95,859686006871
Fritz Lang's Indian Epic,$39.95,44.95,850003924366,$49.95,54.95,850003924373
TKO Collection - 3 Films by Takeshi Kitano,$44.95,49.95,859686006949,$64.95,69.95,859686006956
Ealing Studios Comedy Collection,$39.95,44.95,850021115043,$69.95,74.95,850021115036
Alastair Sim's School for Laughter: 4 Classic Comedies,n/a,,n/a,$69.95,74.95,850003924526
The Sissi Collection,$49.95,54.95,859686006291,$74.95,79.95,859686006307
Their Finest Hour: 5 British WWII Classics,$49.95,54.95,850003924762,$84.95,89.95,850003924540
Ali Zaoua,$14.95,29.95,616892622727,n/a,,n/a
Antares,$14.95,29.95,616892636229,n/a,,n/a
Choking Man,$14.95,29.95,857692005031,n/a,,n/a
Drifters,$14.95,29.95,616892669425,n/a,,n/a
El Bola,$14.95,29.95,616892622529,n/a,,n/a
Falling Angels,$14.95,29.95,616892612421,n/a,,n/a
Forever My Love,$14.95,29.95,859686006963,n/a,,n/a
Ginger and Cinnamon,$14.95,29.95,616892623229,n/a,,n/a
He Died With a Felafel in His Hand,$14.95,29.95,616892622628,n/a,,n/a
Hop,$14.95,29.95,616892623120,n/a,,n/a
Inch'Allah Dimanche,$14.95,29.95,616892630425,n/a,,n/a
Le Grand Voyage,$14.95,29.95,616892650027,n/a,,n/a
Light of My Eyes,$14.95,29.95,616892612926,n/a,,n/a
"Long Life, Happiness and Prosperity",$14.95,29.95,616892630623,n/a,,n/a
Manito,$14.95,29.95,616892622925,n/a,,n/a
Marion Bridge,$14.95,29.95,616892622826,n/a,,n/a
Morlang,$14.95,29.95,616892623328,n/a,,n/a
Nights with Theodore,$14.95,29.95,857692005505,n/a,,n/a
OT: Our Town,$14.95,29.95,616892572022,n/a,,n/a
Raja,$14.95,29.95,616892574927,n/a,,n/a
Tailgate,$14.95,29.95,843501035740,n/a,,n/a
The Middle of the World,$14.95,29.95,616892578826,n/a,,n/a
The Party's Over,$14.95,29.95,616892598329,n/a,,n/a
The Rage in Placid Lake,$14.95,29.95,616892587422,n/a,,n/a
The Republic of Love,$14.95,29.95,616892594925,n/a,,n/a
The Rifleman,$14.95,29.95,850021115388,n/a,,n/a
Wilby Wonderful,$14.95,29.95,616892633020,n/a,,n/a
Hero on the Front (1918),$14.98,29.95,850003924885,n/a,,n/a
Aaltra,$19.95,29.95,616892802228,n/a,,n/a
Adam's Apples,$19.95,29.95,616892935629,n/a,,n/a
Agata and the Storm,$19.95,29.95,616892657125,n/a,,n/a
Alexandra's Project,$19.95,29.95,616892628729,n/a,,n/a
"Anytown, USA",$19.95,29.95,616892686729,n/a,,n/a
A Peck on the Cheek,$19.95,29.95,616892814320,n/a,,n/a
Arranged,$19.95,29.95,616892945529,n/a,,n/a
A Simple Curve,$19.95,29.95,616892876229,n/a,,n/a
August the First,$19.95,29.95,616892956327,n/a,,n/a
Between Shadow and Soul,$19.95,29.95,850003924861,n/a,,n/a
Be With Me,$19.95,29.95,616892803621,n/a,,n/a
Buddy,$19.95,29.95,616892607212,n/a,,n/a
Campfire,$19.95,29.95,616892673125,n/a,,n/a
Carol's Journey,$19.95,29.95,616892570622,n/a,,n/a
Day Break,$19.95,29.95,616892811626,n/a,,n/a
Dreams of Dust,$19.95,29.95,616892929925,n/a,,n/a
Familia,$19.95,29.95,616892814429,n/a,,n/a
Festival Shorts Collection,$19.95,29.95,616892949725,n/a,,n/a
Hands of God,$19.95,29.95,850003924441,n/a,,n/a
"Hawaii, Oslo",$19.95,29.95,616892693925,n/a,,n/a
Her Name is Sabine,$19.95,29.95,616892941125,n/a,,n/a
Let the Church Say Amen,$19.95,29.95,616892636328,n/a,,n/a
Madeinusa,$19.95,29.95,616892883722,n/a,,n/a
Men at Work,$19.95,29.95,616892844822,n/a,,n/a
Monster Thursday,$19.95,29.95,616892828129,n/a,,n/a
Mother of Mine,$19.95,29.95,616892895626,n/a,,n/a
Noise,$19.95,29.95,616892960522,n/a,,n/a
Roads to Koktebel,$19.95,29.95,616892660828,n/a,,n/a
Room 304,$19.95,29.95,859686006970,n/a,,n/a
Something Like Happiness,$19.95,29.95,616892803720,n/a,,n/a
Spare Parts,$19.95,29.95,616892678724,n/a,,n/a
The Art of the Short Film,$19.95,29.95,616892264309,n/a,,n/a
The Bothersome Man,$19.95,29.95,616892885726,n/a,,n/a
The Forest for the Trees,$19.95,29.95,616892697329,n/a,,n/a
The Great Match,$19.95,29.95,616892886525,n/a,,n/a
The Island,$19.95,29.95,616892905721,n/a,,n/a
The Man of the Year,$19.95,29.95,616892590422,n/a,,n/a
The Violin,$19.95,29.95,616892950622,n/a,,n/a
The Way I Spent the End of the World,$19.95,29.95,616892910824,n/a,,n/a
Viva Cuba,$19.95,29.95,616892899624,n/a,,n/a
Viva Laldjerie,$19.95,29.95,616892621126,n/a,,n/a
Who's Camus Anyway?,$19.95,29.95,616892803522,n/a,,n/a
Witnesses,$19.95,29.95,616892616221,n/a,,n/a
Wolves in the Snow,$19.95,29.95,616892601524,n/a,,n/a
"1,000 Times Good Night",$24.95,29.95,616892188360,n/a,,n/a
1944,$24.95,29.95,859686006178,n/a,,n/a
1981,$24.95,29.95,616892087410,n/a,,n/a
200 Meters,$24.95,29.95,850021115845,n/a,,n/a
"2 Autumns, 3 Winters",$24.95,29.95,616892187363,n/a,,n/a
37,$24.95,29.95,859686006031,n/a,,n/a
Aalto,$24.95,29.95,850021115425,n/a,,n/a
A Bag of Marbles,$24.95,29.95,850021115906,n/a,,n/a
Abigail Harm,$24.95,29.95,850021115395,n/a,,n/a
A Bottle in the Gaza Sea,$24.95,29.95,616892185666,n/a,,n/a
A Call Girl,$24.95,29.95,616892077619,n/a,,n/a
Advocate,$24.95,29.95,850003924755,n/a,,n/a
A Girl Missing,$24.95,29.95,850003924984,n/a,,n/a
A Good Woman is Hard to Find,$24.95,29.95,850003924793,n/a,,n/a
Alamar,$24.95,29.95,616892081265,n/a,,n/a
A Life for Ballet,$24.95,29.95,896137001351,n/a,,n/a
A Life in Dirty Movies,$24.95,29.95,857692005048,n/a,,n/a
Aliyah,$24.95,29.95,616892185567,n/a,,n/a
All Eyes Off Me,$24.95,29.95,850021115869,n/a,,n/a
All You Ever Wished For,$24.95,29.95,850003924076,n/a,,n/a
Alone With Her Dreams,$24.95,29.95,896137001634,n/a,,n/a
A Long Way From Home,$24.95,29.95,896137001337,n/a,,n/a
Amador,$24.95,29.95,616892183969,n/a,,n/a
Ambrosia,$24.95,29.95,857692005642,n/a,,n/a
Amerika Square,$24.95,29.95,896137001443,n/a,,n/a
Amnesia,$24.95,29.95,859686006116,n/a,,n/a
Amorous,$24.95,29.95,857692005413,n/a,,n/a
An Afghan Love Story,$24.95,29.95,859686006833,n/a,,n/a
And They Call It Summer,$24.95,29.95,857692005628,n/a,,n/a
Angry Inuk,$24.95,29.95,859686006468,n/a,,n/a
An Israeli Love Story,$24.95,29.95,850003924335,n/a,,n/a
Antonio Lopez 1970: Sex Fashion & Disco,$24.95,29.95,859686006673,n/a,,n/a
Apaches,$24.95,29.95,857692005062,n/a,,n/a
App,$24.95,29.95,616892188063,n/a,,n/a
Apprentice,$24.95,29.95,859686006123,n/a,,n/a
Arcadia,$24.95,29.95,616892186366,n/a,,n/a
Architects of Denial,$24.95,29.95,859686006505,n/a,,n/a
A Regular Woman,$24.95,29.95,896137001610,n/a,,n/a
A Screaming Man,$24.95,29.95,616892100768,n/a,,n/a
As If I Am Not There,$24.95,29.95,896137001405,n/a,,n/a
Atheist America,$24.95,29.95,859686006338,n/a,,n/a
A Time For Dying,$24.95,29.95,896137001528,n/a,,n/a
A Tramway in Jerusalem,$24.95,29.95,850003924854,n/a,,n/a
"A White, White Day",$24.95,29.95,850003924632,n/a,,n/a
Bad Day to Go Fishing,$24.95,29.95,616892121763,n/a,,n/a
Bad Lucky Goat,$24.95,29.95,859686006413,n/a,,n/a
Bad Roads,$24.95,29.95,850021115746,n/a,,n/a
Beate,$24.95,29.95,896137001658,n/a,,n/a
Beautiful Darling,$24.95,29.95,896137001115,n/a,,n/a
Before Your Eyes,$24.95,29.95,616892166313,n/a,,n/a
Being Thunder,$24.95,29.95,850021115814,n/a,,n/a
Belle and Sebastian,$24.95,29.95,857692005222,n/a,,n/a
Ben X,$24.95,29.95,616892966425,n/a,,n/a
Beowulf,$24.95,29.95,857692005307,n/a,,n/a
Between Land and Sea,$24.95,29.95,859686006475,n/a,,n/a
Bite Size,$24.95,29.95,616892286943,n/a,,n/a
Blush,$24.95,29.95,859686006062,n/a,,n/a
Bomber,$24.95,29.95,616892093862,n/a,,n/a
Bosch: The Garden of Dreams,$24.95,29.95,850003924182,n/a,,n/a
Botero,$24.95,29.95,896137001603,n/a,,n/a
Breathe,$24.95,29.95,857692005550,n/a,,n/a
Broken,$24.95,29.95,616892185963,n/a,,n/a
Bye Bye Germany,$24.95,29.95,859686006529,n/a,,n/a
Caged Birds,$24.95,29.95,896137001726,n/a,,n/a
Calm at Sea,$24.95,29.95,896137001412,n/a,,n/a
Cam Girl,$24.95,29.95,850003924151,n/a,,n/a
Cannibal,$24.95,29.95,616892188162,n/a,,n/a
Carmilla,$24.95,29.95,850003924922,n/a,,n/a
"Cassandro, the Exotico!",$24.95,29.95,850003924311,n/a,,n/a
Clandestine Childhood,$24.95,29.95,616892185468,n/a,,n/a
Coby,$24.95,29.95,859686006482,n/a,,n/a
Cocoon,$24.95,29.95,850021115616,n/a,,n/a
Comedy Confessions,$24.95,29.95,850021115661,n/a,,n/a
Come Undone,$24.95,29.95,616892094869,n/a,,n/a
Complicity,$24.95,29.95,850003924502,n/a,,n/a
Conduct! Every Move Counts,$24.95,29.95,859686006314,n/a,,n/a
Cooking at the World's End,$24.95,29.95,859686006079,n/a,,n/a
Corpo Celeste,$24.95,29.95,616892182467,n/a,,n/a
Cruel,$24.95,29.95,857692005536,n/a,,n/a
Crumbs,$24.95,29.95,845637002467,n/a,,n/a
Curiosa,$24.95,29.95,850021115470,n/a,,n/a
Dark Fortune,$24.95,29.95,896137001504,n/a,,n/a
Day and Night,$24.95,29.95,857692005611,n/a,,n/a
Days and Clouds,$24.95,29.95,616892966326,n/a,,n/a
Dead Pigs,$24.95,29.95,850021115319,n/a,,n/a
Dede,$24.95,29.95,896137001511,n/a,,n/a
Documented,$24.95,29.95,859686006376,n/a,,n/a
Donbass,$24.95,29.95,850021115722,n/a,,n/a
East Jerusalem West Jerusalem,$24.95,29.95,857692005659,n/a,,n/a
Egon Schiele: Death and the Maiden,$24.95,29.95,859686006734,n/a,,n/a
Eldorado,$24.95,29.95,616892975823,n/a,,n/a
Eva Doesn't Sleep,$24.95,29.95,859686006017,n/a,,n/a
Famous Nathan,$24.95,29.95,857692005321,n/a,,n/a
Fanny: The Right to Rock,$24.95,29.95,850021115708,n/a,,n/a
Far Western,$24.95,29.95,682500395604,n/a,,n/a
Fear,$24.95,29.95,850021115586,n/a,,n/a
Final Set,$24.95,29.95,850021115463,n/a,,n/a
Finding Gaston,$24.95,29.95,857692005451,n/a,,n/a
For a Woman,$24.95,29.95,616892188261,n/a,,n/a
Foreign Letters,$24.95,29.95,616892184461,n/a,,n/a
For My Father,$24.95,29.95,616892058366,n/a,,n/a
Found Memories,$24.95,29.95,616892184065,n/a,,n/a
Fraulein,$24.95,29.95,616892915027,n/a,,n/a
Frau Stern,$24.95,29.95,850003924991,n/a,,n/a
Freedom,$24.95,29.95,896137001566,n/a,,n/a
Free Men,$24.95,29.95,616892183860,n/a,,n/a
Garibaldi's Lovers,$24.95,29.95,616892187769,n/a,,n/a
Genèse (Genesis),$24.95,29.95,850003924397,n/a,,n/a
Gigante,$24.95,29.95,616892055068,n/a,,n/a
Glassland,$24.95,29.95,857692005598,n/a,,n/a
Glory,$24.95,29.95,859686006208,n/a,,n/a
God of the Piano,$24.95,29.95,850021115029,n/a,,n/a
God's Slave,$24.95,29.95,616892188766,n/a,,n/a
Goldie,$24.95,29.95,850003924564,n/a,,n/a
Grigris,$24.95,29.95,616892187561,n/a,,n/a
Gun Runners,$24.95,29.95,859686006444,n/a,,n/a
Habermann,$24.95,29.95,896137001160,n/a,,n/a
Hamlet,$24.95,29.95,859686006659,n/a,,n/a
Harmonia,$24.95,29.95,850003924359,n/a,,n/a
Harmonium,$24.95,29.95,859686006222,n/a,,n/a
Heidi,$24.95,29.95,859686006109,n/a,,n/a
Helena from the Wedding,$24.95,29.95,616892106968,n/a,,n/a
Hello Lonesome,$24.95,29.95,616892184362,n/a,,n/a
Hide and Seek,$24.95,29.95,616892187868,n/a,,n/a
Hitler's Children,$24.95,29.95,616892184867,n/a,,n/a
Hockney,$24.95,29.95,857692005666,n/a,,n/a
Holly Near: Singing for Our Lives,$24.95,29.95,850003924472,n/a,,n/a
Hollywood On Trial,$24.95,29.95,896137001078,n/a,,n/a
Home From Home: Chronicle of a Vision,$24.95,29.95,896137001276,n/a,,n/a
Honorable Men,$24.95,29.95,,n/a,,n/a
Hospitalite,$24.95,29.95,616892182566,n/a,,n/a
Hotel Salvation,$24.95,29.95,859686006536,n/a,,n/a
How I Ended This Summer,$24.95,29.95,616892094968,n/a,,n/a
Human Capital,$24.95,29.95,616892188865,n/a,,n/a
I Am Not A Witch,$24.95,29.95,859686006796,n/a,,n/a
I Am the Blues,$24.95,29.95,859686006345,n/a,,n/a
I Am Yours,$24.95,29.95,857692005079,n/a,,n/a
Iceman,$24.95,29.95,859686006840,n/a,,n/a
"If I Want to Whistle, I Whistle",$24.95,29.95,616892113669,n/a,,n/a
"If You Don't, I Will",$24.95,29.95,857692005161,n/a,,n/a
Illegal,$24.95,29.95,616892117063,n/a,,n/a
Ilo Ilo,$24.95,29.95,616892187462,n/a,,n/a
Imber's Left Hand,$24.95,29.95,857692005680,n/a,,n/a
In Between,$24.95,29.95,859686006574,n/a,,n/a
In Country,$24.95,29.95,616892297345,n/a,,n/a
In Love We Trust,$24.95,29.95,616892975922,n/a,,n/a
Inseparables,$24.95,29.95,859686006246,n/a,,n/a
In Syria,$24.95,29.95,859686006581,n/a,,n/a
In the Name of,$24.95,29.95,616892186960,n/a,,n/a
Jaffa,$24.95,29.95,616892087311,n/a,,n/a
Jasper Jones,$24.95,29.95,859686006598,n/a,,n/a
Joy Womack: The White Swan,$24.95,29.95,850021115524,n/a,,n/a
Karen Cries on the Bus,$24.95,29.95,616892159766,n/a,,n/a
Karl Marx City,$24.95,29.95,859686006406,n/a,,n/a
Key of Life,$24.95,29.95,616892186564,n/a,,n/a
Kill Daddy Goodnight,$24.95,29.95,896137001580,n/a,,n/a
King of Devil's Island,$24.95,29.95,616892166467,n/a,,n/a
Klitschko,$24.95,29.95,896137001153,n/a,,n/a
La Boyita,$24.95,29.95,859686006826,n/a,,n/a
La Familia,$24.95,29.95,859686006758,n/a,,n/a
Lake Tahoe,$24.95,29.95,616892998822,n/a,,n/a
Lapsis,$24.95,29.95,850021115203,n/a,,n/a
La Sirga,$24.95,29.95,616892185864,n/a,,n/a
Lila Lila,$24.95,29.95,896137001207,n/a,,n/a
Line 41,$24.95,29.95,859686006420,n/a,,n/a
Little England,$24.95,29.95,896137001283,n/a,,n/a
Little Sparrows,$24.95,29.95,616892143017,n/a,,n/a
Louis van Beethoven,$24.95,29.95,850021115050,n/a,,n/a
Lovecut,$24.95,29.95,850021115647,n/a,,n/a
Love Me,$24.95,29.95,857692005123,n/a,,n/a
Lucky,$24.95,29.95,616892185765,n/a,,n/a
Lucky Life,$24.95,29.95,850021115401,n/a,,n/a
Mafia Inc,$24.95,29.95,850021115135,n/a,,n/a
Mambo Man,$24.95,29.95,896137001627,n/a,,n/a
Marie's Story,$24.95,29.95,857692005192,n/a,,n/a
Maurizio Cattelan: Be Right Back,$24.95,29.95,859686006390,n/a,,n/a
Mayor,$24.95,29.95,850021115104,n/a,,n/a
Mellow Mud,$24.95,29.95,896137001559,n/a,,n/a
Memory House,$24.95,29.95,850021115326,n/a,,n/a
Men Go to Battle,$24.95,29.95,857692005703,n/a,,n/a
Millie Lies Low,$24.95,29.95,,n/a,,n/a
Mine,$24.95,29.95,616892061366,n/a,,n/a
Miracle,$24.95,29.95,850021115760,n/a,,n/a
Miss Conception,$24.95,29.95,896137001573,n/a,,n/a
Moka,$24.95,29.95,859686006321,n/a,,n/a
"Moon, 66 Questions",$24.95,29.95,850021115791,n/a,,n/a
Mouton,$24.95,29.95,845637002511,n/a,,n/a
Munyurangabo,$24.95,29.95,850021115418,n/a,,n/a
My Art,$24.95,29.95,859686006550,n/a,,n/a
My German Friend,$24.95,29.95,896137001436,n/a,,n/a
My King,$24.95,29.95,857692005987,n/a,,n/a
My Little Sister,$24.95,29.95,850021115159,n/a,,n/a
"My Love, Don't Cross that River",$24.95,29.95,857692005758,n/a,,n/a
My Mistress,$24.95,29.95,857692005130,n/a,,n/a
Nakom,$24.95,29.95,896137001306,n/a,,n/a
Narcissister Organ Player,$24.95,29.95,850003924007,n/a,,n/a
Neither Heaven Nor Earth,$24.95,29.95,859686006048,n/a,,n/a
Never Ever,$24.95,29.95,850003924168,n/a,,n/a
Night Has Settled,$24.95,29.95,857692005512,n/a,,n/a
Night Out,$24.95,29.95,896137001542,n/a,,n/a
Nina,$24.95,29.95,850003924175,n/a,,n/a
Nina Wu,$24.95,29.95,850021115234,n/a,,n/a
Not Another Happy Ending,$24.95,29.95,857692005093,n/a,,n/a
Nuclear Nightmares,$24.95,29.95,896137001467,n/a,,n/a
Nude Area,$24.95,29.95,850003924038,n/a,,n/a
Nurse.Fighter.Boy,$24.95,29.95,616892093961,n/a,,n/a
Oddsockeaters,$24.95,29.95,859686006628,n/a,,n/a
Off White Lies,$24.95,29.95,616892184966,n/a,,n/a
Once Upon A River,$24.95,29.95,850021115098,n/a,,n/a
Only When I Dance,$24.95,29.95,616892080367,n/a,,n/a
Open Up to Me,$24.95,29.95,896137001252,n/a,,n/a
Out of Love,$24.95,29.95,850003924069,n/a,,n/a
Over The Limit,$24.95,29.95,859686006857,n/a,,n/a
Papirosen,$24.95,29.95,857692005840,n/a,,n/a
Paradise,$24.95,29.95,859686006567,n/a,,n/a
Peace After Marriage,$24.95,29.95,857692005673,n/a,,n/a
Playground,$24.95,29.95,850021115654,n/a,,n/a
Policeman,$24.95,29.95,896137001238,n/a,,n/a
Poppy Field,$24.95,29.95,850021115609,n/a,,n/a
Prairie Love,$24.95,29.95,616892182368,n/a,,n/a
Protektor,$24.95,29.95,616892146568,n/a,,n/a
Puppylove,$24.95,29.95,859686006093,n/a,,n/a
Puzzled Love,$24.95,29.95,857692005710,n/a,,n/a
Queen of Hearts,$24.95,29.95,616892182269,n/a,,n/a
Queen of Hearts: Audrey Flack,$24.95,29.95,850021115081,n/a,,n/a
Radiance,$24.95,29.95,,n/a,,n/a
Rafiki,$24.95,29.95,850003924250,n/a,,n/a
Reflection,$24.95,29.95,850021115753,n/a,,n/a
Remembrance,$24.95,29.95,896137001221,n/a,,n/a
Resistance,$24.95,29.95,859686006055,n/a,,n/a
Return to Dust,$24.95,29.95,,n/a,,n/a
Revolution: New Art for a New World,$24.95,29.95,859686006741,n/a,,n/a
Ritual - A Psychomagic Story,$24.95,29.95,850003924090,n/a,,n/a
Road North,$24.95,29.95,896137001399,n/a,,n/a
Roh,$24.95,29.95,850021115456,n/a,,n/a
Room 514,$24.95,29.95,616892186267,n/a,,n/a
Rose Plays Julie,$24.95,29.95,850021115227,n/a,,n/a
Saint-Narcisse,$24.95,29.95,850021115500,n/a,,n/a
Salvador Dali: In Search of Immortality,$24.95,29.95,850021115210,n/a,,n/a
Salvo,$24.95,29.95,616892187660,n/a,,n/a
Scared of Revolution,$24.95,29.95,850003924380,n/a,,n/a
Schneider vs. Bax,$24.95,29.95,857692005963,n/a,,n/a
Sea Fog (Haemoo),$24.95,29.95,857692005765,n/a,,n/a
Seamonsters,$24.95,29.95,896137001597,n/a,,n/a
Second Coming,$24.95,29.95,857692005468,n/a,,n/a
Secrets of War,$24.95,29.95,857692005208,n/a,,n/a
Sensation,$24.95,29.95,859686006161,n/a,,n/a
Servants,$24.95,29.95,850021115333,n/a,,n/a
Seven Minutes in Heaven,$24.95,29.95,616892146667,n/a,,n/a
Sexual Drive,$24.95,29.95,850021115593,n/a,,n/a
Shadowman,$24.95,29.95,859686006499,n/a,,n/a
She Wolf,$24.95,29.95,850003924083,n/a,,n/a
Shtetlers,$24.95,29.95,,n/a,,n/a
Shun Li and the Poet,$24.95,29.95,616892185369,n/a,,n/a
Sign Painters,$24.95,29.95,616892280644,n/a,,n/a
Sin,$24.95,29.95,896137001641,n/a,,n/a
"Small, Beautifully Moving Parts",$24.95,29.95,616892184560,n/a,,n/a
Somers Town,$24.95,29.95,616892004769,n/a,,n/a
Somewhere in the Middle,$24.95,29.95,859686006086,n/a,,n/a
Song Without a Name (Canción sin nombre),$24.95,29.95,850021115005,n/a,,n/a
Soul on a String,$24.95,29.95,859686006130,n/a,,n/a
Stations of the Cross,$24.95,29.95,616892188964,n/a,,n/a
Still,$24.95,29.95,857692005291,n/a,,n/a
Still the Water,$24.95,29.95,,n/a,,n/a
Storm,$24.95,29.95,616892058465,n/a,,n/a
Styx,$24.95,29.95,850003924205,n/a,,n/a
Sucker,$24.95,29.95,857692005420,n/a,,n/a
Sweet Thing,$24.95,29.95,850021115449,n/a,,n/a
Sword of God,$24.95,29.95,850003924939,n/a,,n/a
Swung,$24.95,29.95,859686006666,n/a,,n/a
Tahara,$24.95,29.95,850021115715,n/a,,n/a
Take Me to the River,$24.95,29.95,857692005734,n/a,,n/a
Tanta Agua,$24.95,29.95,616892186861,n/a,,n/a
Teddy Bear,$24.95,29.95,616892184768,n/a,,n/a
Temblores,$24.95,29.95,850003924533,n/a,,n/a
That Click,$24.95,29.95,850021115272,n/a,,n/a
That Pärt Feeling - The Universe of Arvo Pärt,$24.95,29.95,850003924304,n/a,,n/a
The Ardennes,$24.95,29.95,857692005994,n/a,,n/a
The Auction,$24.95,29.95,616892187967,n/a,,n/a
The Automatic Hate,$24.95,29.95,857692005727,n/a,,n/a
The Barefoot Artist,$24.95,29.95,857692005437,n/a,,n/a
The Beatles: Made on Merseyside,$24.95,29.95,850003924267,n/a,,n/a
The Carer,$24.95,29.95,896137001344,n/a,,n/a
The Chambermaid Lynn,$24.95,29.95,857692005154,n/a,,n/a
The Charmer,$24.95,29.95,859686006901,n/a,,n/a
The Chronicles of Melanie,$24.95,29.95,896137001474,n/a,,n/a
The Colors of the Mountain,$24.95,29.95,616892142966,n/a,,n/a
The Columnist,$24.95,29.95,850021115166,n/a,,n/a
The Country Teacher,$24.95,29.95,616892989721,n/a,,n/a
The Dancing Dogs of Dombrova,$24.95,29.95,850003924915,n/a,,n/a
The Dark Valley,$24.95,29.95,616892188568,n/a,,n/a
The Day I Saw Your Heart,$24.95,29.95,616892185062,n/a,,n/a
The Deflowering of Eva Van End,$24.95,29.95,616892186069,n/a,,n/a
The Demons,$24.95,29.95,850003924465,n/a,,n/a
The Dinner,$24.95,29.95,857692005215,n/a,,n/a
The Drummer,$24.95,29.95,616892044963,n/a,,n/a
The Dynamiter,$24.95,29.95,616892184669,n/a,,n/a
The Earth is Blue as an Orange,$24.95,29.95,850021115739,n/a,,n/a
The Entity,$24.95,29.95,857692005789,n/a,,n/a
The Gambler,$24.95,29.95,857692005543,n/a,,n/a
The Greatest Ears in Town: The Arif Mardin Story,$24.95,29.95,859686006000,n/a,,n/a
The Grocer's Son,$24.95,29.95,616892966227,n/a,,n/a
The Human Resources Manager,$24.95,29.95,616892146414,n/a,,n/a
The Ice King,$24.95,29.95,850003924328,n/a,,n/a
The Ignorance of Blood,$24.95,29.95,857692005772,n/a,,n/a
The Interrogation,$24.95,29.95,896137001313,n/a,,n/a
The Iran Job,$24.95,29.95,616892186663,n/a,,n/a
The Jewish Cardinal,$24.95,29.95,616892187264,n/a,,n/a
The King of Laughter,$24.95,29.95,850021115852,n/a,,n/a
The Lesson,$24.95,29.95,857692005178,n/a,,n/a
The Maneater,$24.95,29.95,857692005529,n/a,,n/a
The Miracle of the Little Prince,$24.95,29.95,850003924427,n/a,,n/a
The Mirror,$24.95,29.95,857692005635,n/a,,n/a
The New Deal For Artists,$24.95,29.95,896137001085,n/a,,n/a
The Nun,$24.95,29.95,857692005239,n/a,,n/a
The Other Side,$24.95,29.95,857692005697,n/a,,n/a
The Paris Opera,$24.95,29.95,859686006437,n/a,,n/a
The Piano in a Factory,$24.95,29.95,616892146360,n/a,,n/a
The Pope's Toilet,$24.95,29.95,616892971320,n/a,,n/a
The President,$24.95,29.95,896137001290,n/a,,n/a
The Railway Children,$24.95,29.95,859686006512,n/a,,n/a
The Real American: Joe McCarthy,$24.95,29.95,896137001184,n/a,,n/a
The Rising Sun,$24.95,29.95,896137001382,n/a,,n/a
The Road to Mandalay,$24.95,29.95,850021115012,n/a,,n/a
The Settlers,$24.95,29.95,859686006451,n/a,,n/a
The Seventh Fire,$24.95,29.95,857692005741,n/a,,n/a
The Shepherd,$24.95,29.95,896137001481,n/a,,n/a
The Sower,$24.95,29.95,859686006895,n/a,,n/a
The Teacher,$24.95,29.95,859686006239,n/a,,n/a
The Third Wife,$24.95,29.95,850003924298,n/a,,n/a
The Three-Way Wedding,$24.95,29.95,859686006710,n/a,,n/a
The Trap,$24.95,29.95,616892971221,n/a,,n/a
The Two Horses of Genghis Khan,$24.95,29.95,896137001269,n/a,,n/a
The War Show,$24.95,29.95,859686006383,n/a,,n/a
The Whaler Boy,$24.95,29.95,850021115340,n/a,,n/a
The White King,$24.95,29.95,859686006369,n/a,,n/a
The Wind Journeys,$24.95,29.95,616892068662,n/a,,n/a
The Window,$24.95,29.95,616892001966,n/a,,n/a
They Say Nothing Stays the Same,$24.95,29.95,850021115531,n/a,,n/a
Three Worlds,$24.95,29.95,616892186168,n/a,,n/a
To Kill a Man,$24.95,29.95,616892188469,n/a,,n/a
Traitors,$24.95,29.95,857692005147,n/a,,n/a
Troubled Water,$24.95,29.95,616892062868,n/a,,n/a
True Mothers,$24.95,29.95,850021115302,n/a,,n/a
Twin Flower,$24.95,29.95,850003924434,n/a,,n/a
Two Hundred Thousand Dirty,$24.95,29.95,896137001245,n/a,,n/a
Ulysses & Mona,$24.95,29.95,850003924342,n/a,,n/a
Under the Bombs,$24.95,29.95,616892974420,n/a,,n/a
Un Traductor,$24.95,29.95,859686006888,n/a,,n/a
Vasermil,$24.95,29.95,616892166566,n/a,,n/a
Vincent Wants to Sea,$24.95,29.95,896137001139,n/a,,n/a
Watchtower,$24.95,29.95,616892187066,n/a,,n/a
Waterboys,$24.95,29.95,896137001450,n/a,,n/a
Welcome,$24.95,29.95,616892075110,n/a,,n/a
What If? Ehud Barak on War and Peace,$24.95,29.95,,n/a,,n/a
Where I Belong,$24.95,29.95,896137001535,n/a,,n/a
White Riot,$24.95,29.95,850021115074,n/a,,n/a
Why Is We Americans?,$24.95,29.95,896137001719,n/a,,n/a
Wildland,$24.95,29.95,850021115487,n/a,,n/a
Will You Still Love Me Tomorrow?,$24.95,29.95,616892187165,n/a,,n/a
Winter Flies,$24.95,29.95,850003924403,n/a,,n/a
Within the Whirlwind,$24.95,29.95,896137001191,n/a,,n/a
Women Composers,$24.95,29.95,850021115364,n/a,,n/a
Wondrous Boccaccio,$24.95,29.95,857692005604,n/a,,n/a
XXY,$24.95,29.95,616892965022,n/a,,n/a
"Yalda, a Night for Forgiveness",$24.95,29.95,850021115142,n/a,,n/a
You Will be Mine,$24.95,29.95,859686006703,n/a,,n/a
You Will Die At Twenty,$24.95,29.95,850021115357,n/a,,n/a
Zombi Child,$24.95,29.95,850003924618,n/a,,n/a
Adieu Godard,$29.95,29.95,850021115777,n/a,,n/a
A Radiant Girl,$29.95,$29.95,,n/a,,n/a
Are You Lonesome Tonight?,$29.95,$29.95,,n/a,,n/a
Belle & Sebastian: The Adventure Continues,$29.95,$29.95,850021115913,n/a,,n/a
Chess Story,$29.95,$29.95,,n/a,,n/a
Children of the Mist,$29.95,$29.95,,n/a,,n/a
Drive-In Retro Classics: Science Fiction Triple Feature,$29.95,34.95,896137001702,n/a,,n/a
Hinterland,$29.95,$29.95,850021115821,n/a,,n/a
Lines of Wellington,$29.95,$29.95,857692005055,n/a,,n/a
Mad Tiger,$29.95,$29.95,857692005970,n/a,,n/a
Queen of Glory,$29.95,$29.95,850021115807,n/a,,n/a
Sweetheart,$29.95,$29.95,,n/a,,n/a
The Mission,$29.95,$29.95,,n/a,,n/a
The Real Thing,$29.95,34.95,850021115371,n/a,,n/a
Two Films by Sergei Eisenstein: October & Alexander Nevsky,$29.95,34.95,896137001689,n/a,,n/a
Unidentified,$29.95,$29.95,850021115784,n/a,,n/a
Beyond Borders: Stories of Interfaith Friendship,$39.95,44.95,857692005017,n/a,,n/a
Sara Stein - From Berlin to Tel Aviv: The Complete Series,$39.95,44.95,850003924199,n/a,,n/a
The Corinth Films Historical Drama Collection,$44.95,49.95,896137001696,n/a,,n/a
The Early Films of Lee Isaac Chung,$44.95,49.95,850021115494,n/a,,n/a
Faces of Israel: New Israeli Cinema,$49.95,54.95,857692005024,n/a,,n/a
Voices from Ukraine,$49.95,$49.95,850021115838,n/a,,n/a
The Female Gaze: Contemporary Films by Women,$79.95,84.95,857692005000,n/a,,n/a